"","ic50_median","ic80_median"
"1",0.645792767809731,0.520357709144805
