"","ic50_median","ic80_median"
"1",0.995050143779733,0.991733849233111
